<?xml version="1.0" encoding="utf-8"?>
<appManifest xmlns="http://schemas.apprenda.com/DeploymentManifest"
             xmlns:xsi="http://www.w3.org/2001/XMLSchema-instance"
             xsi:schemaLocation="http://schemas.apprenda.com/DeploymentManifest http://apprenda.com/schemas/platform/5.0/DeploymentManifest.xsd" >  	

    <services>
	  <service name="ApprendaRESTEndPointScio">
	    <environmentVariables>
		  <variable name="APPDYNAMICS_AGENT_TIER_NAME" value="Soap Services" />
		  <variable name="APPDYNAMICS_AGENT_APPLICATION_NAME" value="EndpointTester" />
		</environmentVariables>
	  </service>
    </services>	
 <customProperties>
    <customProperty name="APM Application Name">
      <values>
        <propertyValue value="EndpointTester" />
      </values>
    </customProperty>
  </customProperties>
</appManifest>